<?xml version="1.0" encoding="UTF-8"?>
<!DOCTYPE suite SYSTEM "http://testng.org/testng-1.0.dtd">
<suite name="EagerCrow">
<listeners>
		<listener class-name="com.xyz.utilities.Reporting" />
	</listeners>
  <test thread-count="5" name="Test">
   <parameter name="browser" value="chrome" /> 
    <classes>
      <class name="com.xyz.TestCases.BaseClass"/> 
      <class name="com.xyz.TestCases.HomePageTC_001"/>
      <class name="com.xyz.TestCases.DepartmentTC_001"/> 
    <!--  <class name="com.xyz.TestCases.HomePageTC_001"/> -->
    </classes>
  </test> <!-- Test -->
</suite> <!-- Suite -->
